INSERT INTO City VALUES
    ('Singapore'),
    ('New York'),
    ('Los Angeles'),
    ('Chicago'),
    ('Houston');


INSERT INTO Branch VALUES
    ('sgp1', 'Singapore', '8 Nanyang Drive'),
    ('sgp2', 'Singapore', '41 Nanyang Walk'),
    ('nyc1', 'New York', NULL),
    ('lax1', 'Los Angeles', NULL);


INSERT INTO VehicleType (type, is_trunk, point_for_day) VALUES
    ('Economy', 0, 1000),
    ('Compact', 0, 1000),
    ('Mid-size', 0, 1000),
    ('Standard', 0, 1000),
    ('Full- size', 0, 1000),
    ('Premium', 0, 1000),
    ('Luxury', 0, 1500),
    ('SUV', 0, 1500),
    ('Van', 0, 1500),
    ('24-foot', 1, 1500),
    ('15-foot', 1, 1500),
    ('12-foot', 1, 1500),
    ('Box Trunk', 1, 1500),
    ('Cargo', 1, 1500);


INSERT INTO RentalRate (w_rate, d_rate, h_rate, w_ins, d_ins, h_ins) VALUES
    (700, 100, 10, 700, 100, 10),
    (1400, 200, 20, 1400, 200, 20),
    (2100, 300, 40, 1400, 200, 20),
    (600, 100, 10, 500, 100, 10);


INSERT INTO Maintains VALUES
    ('sgp1', 'Economy', 1),
    ('sgp1', 'Compact', 2),
    ('sgp1', '15-foot', 3),
    ('sgp2', 'Economy', 4),
    ('sgp2', 'Compact', 2),
    ('sgp2', '15-foot', 3);


INSERT INTO Customer VALUES
    ('12345678', 'Address1', 'L1234567', 'A Member'),
    ('23456789', 'Address2', 'L2345678', 'Non-Member'),
    ('88880001', 'a01', 'L00000001', 'Guo Jiachun'),
    ('88880002', 'a02', 'L00000002', 'Zhou Xinzi'),
    ('88880003', 'a03', 'L00000003', 'Li Ziyang'),
    ('88880004', 'a04', 'L00000004', 'Wang Liyu'),
    ('88880005', 'a05', 'L00000005', 'Jia Ruoli');


INSERT INTO Member VALUES
    ('12345678', 500, 20, '2018-04-02'),
    ('88880001', 100, 20, '2018-01-01'),
    ('88880002', 100, 20, '2018-01-01'),
    ('88880003', 100, 20, '2018-01-01'),
    ('88880004', 100, 20, '2018-01-01'),
    ('88880005', 100, 20, '2018-01-01');


INSERT INTO Agent VALUES
    ('agent1'),
    ('agent2'),
    ('agent3'),
    ('agent4');


INSERT INTO Vehicle (branch_code, type, bought_date, original_price, mileage) VALUES
    ('sgp1', 'Economy', '2002-12-01', 5000, 256), -- 1
    ('sgp1', 'Economy', '2012-12-01', 8000, 255),
    ('sgp1', 'Economy', '2012-12-01', 8000, 255),
    ('sgp1', 'Economy', '2012-12-01', 8000, 255),
    ('sgp1', 'Economy', '2012-12-01', 8000, 255),
    ('sgp1', 'Economy', '2012-12-01', 8000, 255),
    ('sgp1', 'Compact', '2012-12-01', 8000, 255),
    ('sgp1', 'Compact', '2012-12-01', 8000, 255),
    ('sgp1', 'Compact', '2012-12-01', 8000, 255),
    ('sgp2', 'Economy', '1998-12-01', 8000, 255), -- 10
    ('sgp2', 'Economy', '2012-12-01', 8000, 255),
    ('sgp2', 'Economy', '2012-12-01', 8000, 255),
    ('sgp2', 'Economy', '2012-12-01', 8000, 255),
    ('sgp2', 'Economy', '2012-12-01', 8000, 255),
    ('sgp2', 'Compact', '2012-12-01', 8000, 255),
    ('sgp2', 'Compact', '2012-12-01', 8000, 255),
    ('sgp2', 'Compact', '2012-12-01', 8000, 255);


INSERT INTO VehicleForSale VALUES
    (1, '2014-04-01', 'agent1', '12345678', '2014-04-02', 2000, 2000),
    (2, '2014-04-01', NULL, NULL, NULL, NULL, NULL),
    (3, '2014-1-1', NULL, NULL, NULL, NULL, NULL),
    (10, '1999-1-1', NULL, NULL, NULL, NULL, NULL);


INSERT INTO CreditCard VALUES
    ('1234123412341234', '12345678', '2018-10-01'),
    ('2345234523452345', '12345678', '2018-05-01'),
    ('3456345634563456', '12345678', '2018-06-01'),
    ('4444444444440001', '88880001', '2020-10-01'),
    ('4444444444440002', '88880002', '2020-10-01'),
    ('4444444444440003', '88880003', '2020-10-01'),
    ('4444444444440004', '88880004', '2020-10-01'),
    ('4444444444440005', '88880005', '2020-10-01');


INSERT INTO ReservationRecord VALUES
    (
        '6423786782385',
        'sgp1',
        'Economy',
        '12345678',
        '2013-04-01 08:00',
        '2013-04-02 08:00',
        1,
        200,
        0
    ),
    (
        '3423423423524',
        'sgp1',
        'Economy',
        '88880001',
        '2013-04-02 08:00',
        '2013-04-03 08:00',
        1,
        200,
        1
    ),
    (
        '9983483984238',
        'sgp1',
        'Economy',
        '12345678',
        '2013-04-01 08:00',
        '2013-04-08 08:00',
        1,
        1400,
        0
    ),
    (
        '3423423434577',
        'sgp1',
        'Economy',
        '12345678',
        '2013-04-01 08:00',
        '2013-04-09 08:00',
        1,
        1600,
        0
    ),
    (
        '0990903049202',
        'sgp1',
        'Economy',
        '12345678',
        '2014-04-05 08:00',
        '2014-04-06 08:00',
        1,
        200,
        0
    );


INSERT INTO RentRecord
    (
        confirmation_number,
        phone,
        card_number,
        vehicle_id,
        rate_id,
        pick_up_time,
        expected_return_time,
        actual_return_time,
        odometer,
        is_tank_full,
        point_used,
        point_earned,
        is_insurance_covered,
        charge
    )
    VALUES
    (
        '6423786782385',
        '12345678',
        '1234123412341234',
        1,
        1,
        '2014-04-01 08:00',
        '2014-04-02 08:00',
        '2014-04-02 08:00',
        100,
        1,
        0,
        40,
        1,
        200
    ),
    (
        '9983483984238',
        '12345678',
        '1234123412341234',
        2,
        4,
        '2013-04-01 08:00',
        '2013-04-08 08:00',
        '2013-04-08 08:00',
        100,
        1,
        0,
        320,
        1,
        1600
    ),
    (
        '3423423434577',
        '12345678',
        '1234123412341234',
        2,
        4,
        '2013-04-01 08:00',
        '2013-04-09 08:00',
        '2013-04-09 08:00',
        100,
        1,
        0,
        360,
        1,
        1800
    ),
    (
        '0990903049202',
        '12345678',
        '1234123412341234',
        2,
        4,
        '2014-04-05 08:00',
        '2014-04-06 08:00',
        '2014-04-06 08:00',
        100,
        1,
        0,
        40,
        1,
        200
    ),
    (
        NULL,
        '88880001',
        '4444444444440001',
        2,
        4,
        '2014-04-05 08:00',
        '2014-04-06 08:00',
        '2014-04-06 08:00',
        100,
        1,
        0,
        40,
        1,
        200
    );